entity_name,entity_number,description,category
&nbsp;,&#32;,Space,ASCII Characters
,&#33;,Exclamation mark,ASCII Characters
,&#34;,Quotation mark,ASCII Characters
,&#35;,Number sign,ASCII Characters
,&#36;,Dollar sign,ASCII Characters
,&#37;,Percent sign,ASCII Characters
&amp;,&#38;,Ampersand,ASCII Characters
,&#39;,Apostrophe,ASCII Characters
,&#40;,Opening/Left Parenthesis,ASCII Characters
,&#41;,Closing/Right Parenthesis,ASCII Characters
,&#42;,Asterisk,ASCII Characters
,&#43;,Plus sign,ASCII Characters
,&#44;,Comma,ASCII Characters
,&#45;,Hyphen,"ASCII Characters, Dashes"
,&#46;,Period,ASCII Characters
,&#47;,Slash,ASCII Characters
,&#48;,Digit 0,ASCII Characters
,&#49;,Digit 1,ASCII Characters
,&#50;,Digit 2,ASCII Characters
,&#51;,Digit 3,ASCII Characters
,&#52;,Digit 4,ASCII Characters
,&#53;,Digit 5,ASCII Characters
,&#54;,Digit 6,ASCII Characters
,&#55;,Digit 7,ASCII Characters
,&#56;,Digit 8,ASCII Characters
,&#57;,Digit 9,ASCII Characters
,&#58;,Colon,ASCII Characters
,&#59;,Semicolon,ASCII Characters
&lt;,&#60;,Less than,"ASCII Characters, Math"
,&#61;,Equals sign,"ASCII Characters, Math"
&gt;,&#62;,Greater than,"ASCII Characters,Math"
,&#63;,Question mark,ASCII Characters
,&#64;,At sign,ASCII Characters
,&#65;,Uppercase A,ASCII Characters
,&#66;,Uppercase B,ASCII Characters
,&#67;,Uppercase C,ASCII Characters
,&#68;,Uppercase D,ASCII Characters
,&#69;,Uppercase E,ASCII Characters
,&#70;,Uppercase F,ASCII Characters
,&#71;,Uppercase G,ASCII Characters
,&#72;,Uppercase H,ASCII Characters
,&#73;,Uppercase I,ASCII Characters
,&#74;,Uppercase J,ASCII Characters
,&#75;,Uppercase K,ASCII Characters
,&#76;,Uppercase L,ASCII Characters
,&#77;,Uppercase M,ASCII Characters
,&#78;,Uppercase N,ASCII Characters
,&#79;,Uppercase O,ASCII Characters
,&#80;,Uppercase P,ASCII Characters
,&#81;,Uppercase Q,ASCII Characters
,&#82;,Uppercase R,ASCII Characters
,&#83;,Uppercase S,ASCII Characters
,&#84;,Uppercase T,ASCII Characters
,&#85;,Uppercase U,ASCII Characters
,&#86;,Uppercase V,ASCII Characters
,&#87;,Uppercase W,ASCII Characters
,&#88;,Uppercase X,ASCII Characters
,&#89;,Uppercase Y,ASCII Characters
,&#90;,Uppercase Z,ASCII Characters
,&#91;,Opening/Left square bracket,ASCII Characters
,&#92;,Backslash,ASCII Characters
,&#93;,Closing/Right square bracket,ASCII Characters
,&#94;,Caret,ASCII Characters
,&#95;,Underscore,ASCII Characters
,&#96;,Grave accent,ASCII Characters
,&#97;,Lowercase a,ASCII Characters
,&#98;,Lowercase b,ASCII Characters
,&#99;,Lowercase c,ASCII Characters
,&#100;,Lowercase d,ASCII Characters
,&#101;,Lowercase e,ASCII Characters
,&#102;,Lowercase f,ASCII Characters
,&#103;,Lowercase g,ASCII Characters
,&#104;,Lowercase h,ASCII Characters
,&#105;,Lowercase i,ASCII Characters
,&#106;,Lowercase j,ASCII Characters
,&#107;,Lowercase k,ASCII Characters
,&#108;,Lowercase l,ASCII Characters
,&#109;,Lowercase m,ASCII Characters
,&#110;,Lowercase n,ASCII Characters
,&#111;,Lowercase o,ASCII Characters
,&#112;,Lowercase p,ASCII Characters
,&#113;,Lowercase q,ASCII Characters
,&#114;,Lowercase r,ASCII Characters
,&#115;,Lowercase s,ASCII Characters
,&#116;,Lowercase t,ASCII Characters
,&#117;,Lowercase u,ASCII Characters
,&#118;,Lowercase v,ASCII Characters
,&#119;,Lowercase w,ASCII Characters
,&#120;,Lowercase x,ASCII Characters
,&#121;,Lowercase y,ASCII Characters
,&#122;,Lowercase z,ASCII Characters
,&#123;,Opening/Left curly brace,ASCII Characters
,&#124;,Vertical bar,ASCII Characters
,&#125;,Closing/Right curly brace,ASCII Characters
,&#126;,Tilde,ASCII Characters
&Agrave;,&#192;,Capital a with grave accent,ISO-8859-1 Characters
&Aacute;,&#193;,Capital a with acute accent,ISO-8859-1 Characters
&Acirc;,&#194;,Capital a with circumflex accent,ISO-8859-1 Characters
&Atilde;,&#195;,Capital a with tilde,ISO-8859-1 Characters
&Auml;,&#196;,Capital a with umlaut,ISO-8859-1 Characters
&Aring;,&#197;,Capital a with ring,ISO-8859-1 Characters
&AElig;,&#198;,Capital ae,ISO-8859-1 Characters
&Ccedil;,&#199;,Capital c with cedilla,ISO-8859-1 Characters
&Egrave;,&#200;,Capital e with grave accent,ISO-8859-1 Characters
&Eacute;,&#201;,Capital e with acute accent,ISO-8859-1 Characters
&Ecirc;,&#202;,Capital e with circumflex accent,ISO-8859-1 Characters
&Euml;,&#203;,Capital e with umlaut,ISO-8859-1 Characters
&Igrave;,&#204;,Capital i with grave accent,ISO-8859-1 Characters
&Iacute;,&#205;,Capital i with accute accent,ISO-8859-1 Characters
&Icirc;,&#206;,Capital i with circumflex accent,ISO-8859-1 Characters
&Iuml;,&#207;,Capital i with umlaut,ISO-8859-1 Characters
&ETH;,&#208;,Capital eth (Icelandic),ISO-8859-1 Characters
&Ntilde;,&#209;,Capital n with tilde,ISO-8859-1 Characters
&Ograve;,&#210;,Capital o with grave accent,ISO-8859-1 Characters
&Oacute;,&#211;,Capital o with accute accent,ISO-8859-1 Characters
&Ocirc;,&#212;,Capital o with circumflex accent,ISO-8859-1 Characters
&Otilde;,&#213;,Capital o with tilde,ISO-8859-1 Characters
&Ouml;,&#214;,Capital o with umlaut,ISO-8859-1 Characters
&Oslash;,&#216;,Capital o with slash,ISO-8859-1 Characters
&Ugrave;,&#217;,Capital u with grave accent,ISO-8859-1 Characters
&Uacute;,&#218;,Capital u with acute accent,ISO-8859-1 Characters
&Ucirc;,&#219;,Capital u with circumflex accent,ISO-8859-1 Characters
&Uuml;,&#220;,Capital u with umlaut,ISO-8859-1 Characters
&Yacute;,&#221;,Capital y with acute accent,ISO-8859-1 Characters
&THORN;,&#222;,Capital thorn (Icelandic),ISO-8859-1 Characters
&szlig;,&#223;,Lowercase sharp s (German),ISO-8859-1 Characters
&agrave;,&#224;,Lowercase a with grave accent,ISO-8859-1 Characters
&aacute;,&#225;,Lowercase a with acute accent,ISO-8859-1 Characters
&acirc;,&#226;,Lowercase a with circumflex accent,ISO-8859-1 Characters
&atilde;,&#227;,Lowercase a with tilde,ISO-8859-1 Characters
&auml;,&#228;,Lowercase a with umlaut,ISO-8859-1 Characters
&aring;,&#229;,Lowercase a with ring,ISO-8859-1 Characters
&aelig;,&#230;,Lowercase ae,ISO-8859-1 Characters
&ccedil;,&#231;,Lowercase c with cedilla,ISO-8859-1 Characters
&egrave;,&#232;,Lowercase e with grave accent,ISO-8859-1 Characters
&eacute;,&#233;,Lowercase e with acute accent,ISO-8859-1 Characters
&ecirc;,&#234;,Lowercase e with circumflex accent,ISO-8859-1 Characters
&euml;,&#235;,Lowercase e with umlaut,ISO-8859-1 Characters
&igrave;,&#236;,Lowercase i with grave accent,ISO-8859-1 Characters
&iacute;,&#237;,Lowercase i with acute accent,ISO-8859-1 Characters
&icirc;,&#238;,Lowercase i with circumflex accent,ISO-8859-1 Characters
&iuml;,&#239;,Lowercase i with umlaut,ISO-8859-1 Characters
&eth;,&#240;,Lowercase eth (Icelandic),ISO-8859-1 Characters
&ntilde;,&#241;,Lowercase n with tilde,ISO-8859-1 Characters
&ograve;,&#242;,Lowercase o with grave accent,ISO-8859-1 Characters
&oacute;,&#243;,Lowercase o with acute accent,ISO-8859-1 Characters
&ocirc;,&#244;,Lowercase o with circumflex accent,ISO-8859-1 Characters
&otilde;,&#245;,Lowercase o with tilde,ISO-8859-1 Characters
&ouml;,&#246;,Lowercase o with umlaut,ISO-8859-1 Characters
&oslash;,&#248;,Lowercase o with slash,ISO-8859-1 Characters
&ugrave;,&#249;,Lowercase u with grave accent,ISO-8859-1 Characters
&uacute;,&#250;,Lowercase u with acute accent,ISO-8859-1 Characters
&ucirc;,&#251;,Lowercase u with circumflex accent,ISO-8859-1 Characters
&uuml;,&#252;,Lowercase u with umlaut,ISO-8859-1 Characters
&yacute;,&#253;,Lowercase y with acute accent,ISO-8859-1 Characters
&thorn;,&#254;,Lowercase thorn (Icelandic),ISO-8859-1 Characters
&yuml;,&#255;,Lowercase y with umlaut,ISO-8859-1 Characters
&nbsp;,&#160;,Non-breaking space,"ISO-8859-1 Symbols"
&iexcl;,&#161;,Inverted exclamation mark,"ISO-8859-1 Symbols"
&cent;,&#162;,Cent,"ISO-8859-1 Symbols"
&pound;,&#163;,Pound,"ISO-8859-1 Symbols"
&curren;,&#164;,Currency,"ISO-8859-1 Symbols"
&yen;,&#165;,Yen,"ISO-8859-1 Symbols"
&brvbar;,&#166;,Broken vertical bar,"ISO-8859-1 Symbols"
&sect;,&#167;,Section,"ISO-8859-1 Symbols"
&uml;,&#168;,Spacing diaeresis,"ISO-8859-1 Symbols"
&copy;,&#169;,Copyright,"ISO-8859-1 Symbols"
&ordf;,&#170;,Feminine ordinal indicator,"ISO-8859-1 Symbols"
&laquo;,&#171;,Opening/Left angle quotation mark,"ISO-8859-1 Symbols"
&not;,&#172;,Negation,"ISO-8859-1 Symbols"
&shy;,&#173;,Soft hyphen,"ISO-8859-1 Symbols"
&reg;,&#174;,Registered trademark,"ISO-8859-1 Symbols"
&macr;,&#175;,Spacing macron,"ISO-8859-1 Symbols"
&deg;,&#176;,Degree,"ISO-8859-1 Symbols"
&plusmn;,&#177;,Plus or minus,"ISO-8859-1 Symbols"
&sup2;,&#178;,Superscript 2,"ISO-8859-1 Symbols"
&sup3;,&#179;,Superscript 3,"ISO-8859-1 Symbols"
&acute;,&#180;,Spacing acute,"ISO-8859-1 Symbols"
&micro;,&#181;,Micro,"ISO-8859-1 Symbols"
&para;,&#182;,Paragraph,"ISO-8859-1 Symbols"
&cedil;,&#184;,Spacing cedilla,"ISO-8859-1 Symbols"
&sup1;,&#185;,Superscript 1,"ISO-8859-1 Symbols"
&ordm;,&#186;,Masculine ordinal indicator,"ISO-8859-1 Symbols"
&raquo;,&#187;,Closing/Right angle quotation mark,"ISO-8859-1 Symbols"
&frac12;,&#189;,Fraction 1/2,"ISO-8859-1 Symbols, Math"
&frac13;,&#8531;,Fraction 1/3,"ISO-8859-1 Symbols, Math"
&frac14;,&#188;,Fraction 1/4,"ISO-8859-1 Symbols, Math"
&frac15;,&#8533;,Fraction 1/5,"ISO-8859-1 Symbols, Math"
&frac16;,&#8537;,Fraction 1/6,"ISO-8859-1 Symbols, Math"
&frac17;,&#8528;,Fraction 1/7,"ISO-8859-1 Symbols, Math"
&frac18;,&#8539;,Fraction 1/8,"ISO-8859-1 Symbols, Math"
&frac23;,&#8532;,Fraction 2/3,"ISO-8859-1 Symbols, Math"
&frac25;,&#8534;,Fraction 2/5,"ISO-8859-1 Symbols, Math"
&frac34;,&#190;,Fraction 3/4,"ISO-8859-1 Symbols, Math"
&frac35;,&#8535;,Fraction 3/5,"ISO-8859-1 Symbols, Math"
&frac38;,&#8540;,Fraction 3/8,"ISO-8859-1 Symbols, Math"
&frac45;,&#8536;,Fraction 4/5,"ISO-8859-1 Symbols, Math"
&frac56;,&#8538;,Fraction 5/6,"ISO-8859-1 Symbols, Math"
&frac58;,&#8541;,Fraction 5/8,"ISO-8859-1 Symbols, Math"
&frac78;,&#8542;,Fraction 7/8,"ISO-8859-1 Symbols, Math"
&iquest;,&#191;,Inverted question mark,"ISO-8859-1 Symbols"
&times;,&#215;,Multiplication,"ISO-8859-1 Symbols"
&divide;,&#247;,Divide,"ISO-8859-1 Symbols"
&forall;,&#8704;,For all,Math
&part;,&#8706;,Part,Math
&exist;,&#8707;,Exist,Math
&empty;,&#8709;,Empty,Math
&nabla;,&#8711;,Nabla,Math
&isin;,&#8712;,Is in,Math
&notin;,&#8713;,Not in,Math
&ni;,&#8715;,Ni,Math
&prod;,&#8719;,Product,Math
&sum;,&#8721;,Sum,Math
&minus;,&#8722;,Minus,"Math, Dashes"
&lowast;,&#8727;,Asterisk (Lowast),Math
&radic;,&#8730;,Square root radical,Math
&prop;,&#8733;,Proportional to,Math
&infin;,&#8734;,Infinity,Math
&ang;,&#8736;,Angle,Math
&and;,&#8743;,And,Math
&or;,&#8744;,Or,Math
&cap;,&#8745;,Cap,Math
&cup;,&#8746;,Cup,Math
&int;,&#8747;,Integral,Math
&there4;,&#8756;,Therefore,Math
&sim;,&#8764;,Similar to,Math
&cong;,&#8773;,Congurent to,Math
&asymp;,&#8776;,Almost equal,Math
&ne;,&#8800;,Not equal,Math
&equiv;,&#8801;,Equivalent,Math
&le;,&#8804;,Less than or equal,Math
&ge;,&#8805;,Greater than or equal,Math
&sub;,&#8834;,Subset of,Math
&sup;,&#8835;,Superset of,Math
&nsub;,&#8836;,Not subset of,Math
&sube;,&#8838;,Subset or equal,Math
&supe;,&#8839;,Superset or equal,Math
&oplus;,&#8853;,Circled plus (Direct Sum),Math
&otimes;,&#8855;,Circled times (Vector Product),Math
&perp;,&#8869;,Perpendicular,Math
&sdot;,&#8901;,Dot operator,Math
&Alpha;,&#913;,Alpha,Greek Letters
&Beta;,&#914;,Beta,Greek Letters
&Gamma;,&#915;,Gamma,Greek Letters
&Delta;,&#916;,Delta,Greek Letters
&Epsilon;,&#917;,Epsilon,Greek Letters
&Zeta;,&#918;,Zeta,Greek Letters
&Eta;,&#919;,Eta,Greek Letters
&Theta;,&#920;,Theta,Greek Letters
&Iota;,&#921;,Iota,Greek Letters
&Kappa;,&#922;,Kappa,Greek Letters
&Lambda;,&#923;,Lambda,Greek Letters
&Mu;,&#924;,Mu,Greek Letters
&Nu;,&#925;,Nu,Greek Letters
&Xi;,&#926;,Xi,Greek Letters
&Omicron;,&#927;,Omicron,Greek Letters
&Pi;,&#928;,Pi,Greek Letters
&Rho;,&#929;,Rho,Greek Letters
&Sigma;,&#931;,Sigma,Greek Letters
&Tau;,&#932;,Tau,Greek Letters
&Upsilon;,&#933;,Upsilon,Greek Letters
&Phi;,&#934;,Phi,Greek Letters
&Chi;,&#935;,Chi,Greek Letters
&Psi;,&#936;,Psi,Greek Letters
&Omega;,&#937;,Omega,Greek Letters
&alpha;,&#945;,alpha,Greek Letters
&beta;,&#946;,beta,Greek Letters
&gamma;,&#947;,gamma,Greek Letters
&delta;,&#948;,delta,Greek Letters
&epsilon;,&#949;,epsilon,Greek Letters
&zeta;,&#950;,zeta,Greek Letters
&eta;,&#951;,eta,Greek Letters
&theta;,&#952;,theta,Greek Letters
&iota;,&#953;,iota,Greek Letters
&kappa;,&#954;,kappa,Greek Letters
&lambda;,&#955;,lambda,Greek Letters
&mu;,&#956;,mu,Greek Letters
&nu;,&#957;,nu,Greek Letters
&xi;,&#958;,xi,Greek Letters
&omicron;,&#959;,omicron,Greek Letters
&pi;,&#960;,pi,Greek Letters
&rho;,&#961;,rho,Greek Letters
&sigmaf;,&#962;,sigmaf,Greek Letters
&sigma;,&#963;,sigma,Greek Letters
&tau;,&#964;,tau,Greek Letters
&upsilon;,&#965;,upsilon,Greek Letters
&phi;,&#966;,phi,Greek Letters
&chi;,&#967;,chi,Greek Letters
&psi;,&#968;,psi,Greek Letters
&omega;,&#969;,omega,Greek Letters
&thetasym;,&#977;,Theta symbol,Greek Letters
&upsih;,&#978;,Upsilon symbol,Greek Letters
&piv;,&#982;,Pi symbol,Greek Letters
&OElig;,&#338;,Uppercase ligature OE,Miscellaneous
&oelig;,&#339;,Lowercase ligature OE,Miscellaneous
&Scaron;,&#352;,Uppercase S with caron,Miscellaneous
&scaron;,&#353;,Lowercase S with caron,Miscellaneous
&Yuml;,&#376;,Capital Y with diaeres,Miscellaneous
&fnof;,&#402;,Lowercase with hook or Function Italic F,"Miscellaneous ,Math"
&circ;,&#710;,Circumflex accent,Miscellaneous
&tilde;,&#732;,Tilde,Miscellaneous
&ensp;,&#8194;,En space,Miscellaneous
&emsp;,&#8195;,Em space,Miscellaneous
&thinsp;,&#8201;,Thin space,Miscellaneous
&zwnj;,&#8204;,Zero width non-joiner,Miscellaneous
&zwj;,&#8205;,Zero width joiner,Miscellaneous
&lrm;,&#8206;,Left-to-right mark,Miscellaneous
&rlm;,&#8207;,Right-to-left mark,Miscellaneous
&ndash;,&#8211;,En dash,Dashes
&mdash;,&#8212;,Em dash,Dashes
&lsquo;,&#8216;,Left single quotation mark,Miscellaneous
&rsquo;,&#8217;,Right single quotation mark,Miscellaneous
&sbquo;,&#8218;,Single low-9 quotation mark,Miscellaneous
&ldquo;,&#8220;,Left double quotation mark,Miscellaneous
&rdquo;,&#8221;,Right double quotation mark,Miscellaneous
&bdquo;,&#8222;,Double low-9 quotation mark,Miscellaneous
&dagger;,&#8224;,Dagger,Miscellaneous
&Dagger;,&#8225;,Double dagger,Miscellaneous
&bull;,&#8226;,Bullet,Miscellaneous
&hellip;,&#8230;,Horizontal ellipsis,Miscellaneous
&permil;,&#8240;,Per mille,Miscellaneous
,&#8242;,Minutes (Degrees),"Miscellaneous"
&prime;,&#8243;,"Seconds (Degrees),Double Prime, Double Quote","Miscellaneous ,Math"
&lsaquo;,&#8249;,Single left angle quotation,Miscellaneous
&rsaquo;,&#8250;,Single right angle quotation,Miscellaneous
&oline;,&#8254;,Overline,Miscellaneous
&euro;,&#8364;,Euro,Miscellaneous
&trade;,&#8482;,Trademark,Miscellaneous
&larr;,&#8592;,Left arrow,Arrows
&uarr;,&#8593;,Up arrow,Arrows
&rarr;,&#8594;,Right arrow,Arrows
&darr;,&#8595;,Down arrow,Arrows
&harr;,&#8596;,Left right arrow,Arrows
,&#8656;,Left double arrow,Arrows
,&#8658;,Right double arrow,Arrows
,&#8657;,Up double arrow,Arrows
,&#8659;,Down double arrow,Arrows
,&#8660;,Left Right double arrow,Arrows
&crarr;,&#8629;,Carriage return arrow,Miscellaneous
&lceil;,&#8968;,Left ceiling bracket,"Miscellaneous, Math"
&rceil;,&#8969;,Right ceiling bracket,"Miscellaneous, Math"
&lfloor;,&#8970;,Left floor bracket,"Miscellaneous, Math"
&rfloor;,&#8971;,Right floor bracket,"Miscellaneous, Math"
&loz;,&#9674;,Lozenge,Miscellaneous
&spades;,&#9824;,Black Spades,"Miscellaneous, Cards"
&clubs;,&#9827;,Black Clubs,"Miscellaneous, Cards"
&hearts;,&#9829;,Black Hearts,"Miscellaneous, Cards"
&diams;,&#9830;,Black Diamonds,"Miscellaneous, Cards"
,&#9833;,Quarter Note,Music
,&#9834;,Eighth Note,Music
,&#9835;,Beamed Eighth Notes,Music
,&#9836;,Beamed sixteenth notes,Music
,&#9837;,Flat Sign,Music
,&#9838;,Natural Sign,Music
,&#9839;,Sharp Sign,Music
,&#8725;,Division Slash,Math
&frasl,&#8260;,Fraction Slash,Math
,&#8731;,Cube Root,Math
,&#8732;,Fourth Root,Math
&alefsym;,&#8501;,ALEF Infinity Symbol,Math
,&#8244;,"Triple Prime, Triple Quote",Math
&lang;,&#9001;,Left Angle Bracket,Math
&rang;,&#9002;,Right Angle Bracket,Math
,&#8597;,Up Down Arrow,Miscellaneous
,&#9650;,Black Up Pointing Triangle,Miscellaneous
,&#9658;,Black Right Pointing Triangle,Miscellaneous
,&#9660;,Black Down Pointing Triangle,Miscellaneous
,&#9668;,Black Left Pointing Triangle,Miscellaneous
,&#9788;,White Sun With Rays,Miscellaneous
,&#9792;,"Female Sign, Venus","Miscellaneous, Planets"
,&#9794;,"Male Sign, Mars","Miscellaneous, Planets"
,&#9791;,Mercury,Planets
,&#9793;,Earth,Planets
,&#9795;,Jupiter,Planets
,&#9796;,Saturn,Planets
,&#9797;,Uranus,Planets
,&#9798;,Neptune,Planets
,&#9799;,Pluto,Planets
,&#9800;,Aries,Zodiac
,&#9801;,Taurus,Zodiac
,&#9802;,Gemini,Zodiac
,&#9803;,Cancer,Zodiac
,&#9804;,Leo,Zodiac
,&#9805;,Virgo,Zodiac
,&#9806;,Libra,Zodiac
,&#9807;,Scorpio,Zodiac
,&#9808;,Sagittarius,Zodiac
,&#9809;,Capicorn,Zodiac
,&#9810;,Aquarius,Zodiac
,&#9811;,Pisces,Zodiac
,&#9828;,White Spades,Cards
,&#9831;,White Clubs,Cards
,&#9825;,White Hearts,Cards
,&#9826;,White Diamonds,Cards
,&#9760;,Skull & Crossbones (Poison),Warning
,&#9761;,Caution,Warning
,&#9762;,Radioactive,Warning
,&#9763;,Biohazard,Warning
,&#9764;,Caduceus,Warning
,&#9812;,White King,Chess Pieces
,&#9813;,White Queen,Chess Pieces
,&#9814;,White Rook,Chess Pieces
,&#9815;,White Bishop,Chess Pieces
,&#9816;,White Knight,Chess Pieces
,&#9817;,White Pawn,Chess Pieces
,&#9818;,Black King,Chess Pieces
,&#9819;,Black Queen,Chess Pieces
,&#9820;,Black Rook,Chess Pieces
,&#9821;,Black Bishop,Chess Pieces
,&#9822;,Black Knight,Chess Pieces
,&#9823;,Black Pawn,Chess Pieces
,&#9765;,Ankh,Religious and Political
,&#9766;,Orthodox cross,Religious and Political
,&#9767;,Chi rho,Religious and Political
,&#9768;,Cross of Lorraine,Religious and Political
,&#9769;,Cross of Jerusalem,Religious and Political
,&#9770;,Star & crescent (Islam),Religious and Political
,&#9771;,Farsi symbol,Religious and Political
,&#9772;,Adi Shakti,Religious and Political
,&#9773;,Hammer & Sickle,Religious and Political
,&#9774;,Peace Symbol,Religious and Political
,&#9775;,Yin yang,Religious and Political
,&#9776;,I Ching trigram: Heaven,Religious and Political
,&#9777;,I Ching trigram: Lake,Religious and Political
,&#9778;,I Ching trigram: Fire,Religious and Political
,&#9779;,I Ching trigram: Thunder,Religious and Political
,&#9780;,I Ching trigram: Wind,Religious and Political
,&#9781;,I Ching trigram: Water,Religious and Political
,&#9782;,I Ching trigram: Mountain,Religious and Political
,&#9783;,I Ching trigram: Earth,Religious and Political
,&#9784;,Mandala (wheel of Dharma),Religious and Political
,&#9840;,East Syriac cross,Religious and Political
,&#9841;,West Syriac cross,Religious and Political
,&#10017;,Star of David,Religious and Political
,&cent;,&#162;,Cents sign,Currency
,&pound;,&#163;,Pound Sterling,Currency
,&curren;,&#164;,General currency,Currency
,&yen;,&#165;,Yen,Currency
,&euro;,&#8364;,Euro,Currency
,&#8355;,Franc (French),Currency
,&#8352;,Euro-currency sign,Currency
,&#8353;,"Colon (Costa Rica, El Salvador)",Currency
,&#8354;,Cruzeiro (Brazil),Currency
,&#8356;,Lira (Italy),Currency
,&#8357;,Mill (US$.001),Currency
,&#8358;,Naira (Nigeria),Currency
,&#8359;,Peseta (Spain),Currency
,&#8360;,Rupee (India),Currency
,&#8361;,Won (Korea),Currency
,&#8362;,New sheqel (Israel),Currency
,&#8363;,Dong (Vietnam),Currency
,&#8365;,Kip (Laos),Currency
,&#8366;,Tugrik (Mongolia),Currency
,&#8367;,Drachma (Greece),Currency
,&#8253;,Interrobang,Punctuation
,&#8227;,Triangular bullet,Punctuation
,&#8208;,Hyphen,"Punctuation, Dashes"
,&#9280;,OCR hook,OCR
,&#9281;,OCR chair,OCR
,&#9282;,OCR fork,OCR
,&#9283;,OCR inverted fork,OCR
,&#9284;,OCR belt buckle,OCR
,&#9285;,OCR bow tie,OCR
,&#9286;,OCR branch bank identification,OCR
,&#9287;,OCR amount of check,OCR
,&#9288;,OCR dash,OCR
,&#9289;,OCR customer account number,OCR
,&#9290;,OCR double backslash,OCR
,&#8209;,Nonbreaking hyphen,Dashes
,&#8210;,Hyphen,Dashes
,&#8213;,Quotation dash,Dashes
,&#8275;,Swung dash,Dashes
,&#8259;,Hyphen bullet,Dashes
,&#8962;,White House or Home,Miscellaneous
,&#9608;,Black Block,Miscellaneous
,&#9733;,Black Star,Miscellaneous
,&#9734;,White Star,Miscellaneous
,&#9785;,Frowning Face,Miscellaneous
,&#9786;,Smiling Face,Miscellaneous
,&#127874;,Birthday Cake,Miscellaneous
,&#128077;,Thumbs Up (Like),Miscellaneous
,&#128078;,Thumbs Down (Dislike),Miscellaneous
,&#128269;,Magnifying glass (Search),Miscellaneous
,&#128206;,"Paperclip, Attach",Miscellaneous
,&#9985;,Scissors,Dingbats
,&#9986;,Scissors,Dingbats
,&#9987;,Scissors,Dingbats
,&#9988;,Scissors,Dingbats
,&#9990;,Telephone sign,Dingbats
,&#9991;,Tape drive,Dingbats
,&#9992;,Airplane,Dingbats
,&#9993;,Envelope,Dingbats
,&#9996;,Victory or peace sign,Dingbats
,&#9997;,Writing hand,Dingbats
,&#9998;,Pencil,Dingbats
,&#9999;,Pencil,Dingbats
,&#10000;,Pencil,Dingbats
,&#10001;,White nib,Dingbats
,&#10002;,Black nib,Dingbats
,&#10003;,Check mark,Dingbats
,&#10004;,Heavy check mark,Dingbats
,&#10005;,Multiplication X,Dingbats
,&#10006;,Heavy multiplication X,Dingbats
,&#10007;,Ballot X,Dingbats
,&#10008;,Heavy ballot X,Dingbats
,&#10009;,Outlined Greek cross,Dingbats
,&#10010;,Heavy Greek cross,Dingbats
,&#10011;,Open center cross,Dingbats
,&#10012;,Heavy open center cross,Dingbats
,&#10013;,Latin cross,Dingbats
,&#10014;,Shadowed white Latin cross,Dingbats
,&#10015;,Outlined Latin cross,Dingbats
,&#10016;,Maltese cross (cross form),Dingbats
,&#10018;,Four teardrop-spoked asterisk,Dingbats
,&#10019;,Four balloon-spoked asterisk,Dingbats
,&#10020;,Heavy four balloon-spoked asterisk,Dingbats
,&#10021;,Four club-spoked asterisk,Dingbats
,&#10022;,Black four-pointed star,Dingbats
,&#10023;,White four-pointed star,Dingbats
,&#10025;,Stress outlined white star,Dingbats
,&#10026;,Circled white star,Dingbats
,&#10027;,Open center black star,Dingbats
,&#10028;,Black center white star,Dingbats
,&#10029;,Outlined black star,Dingbats
,&#10030;,Heavy outlined black star,Dingbats
,&#10031;,Pinwheel star,Dingbats
,&#10032;,Shadowed white star,Dingbats
,&#10033;,Heavy asterisk,Dingbats
,&#10034;,Open center asterisk,Dingbats
,&#10035;,Eight-spoked asterisk,Dingbats
,&#10036;,Eight-pointed black star,Dingbats
,&#10037;,Eight-pointed pinwheel star,Dingbats
,&#10038;,Six-pointed black star,Dingbats
,&#10039;,Eight-pointed rectilinear black star,Dingbats
,&#10040;,Heavy eight-pointed rectilinear black star,Dingbats
,&#10041;,Twelve-pointed black star,Dingbats
,&#10042;,Sixteen-pointed asterisk,Dingbats
,&#10043;,Teardrop-spoked asterisk,Dingbats
,&#10044;,Open-center teardrop-spoked asterisk,Dingbats
,&#10045;,Heavy teardrop-spoked asterisk,Dingbats
,&#10046;,Six-petalled black-and-white florette,Dingbats
,&#10047;,Black florette,Dingbats
,&#10048;,White florette,Dingbats
,&#10049;,Eight-petalled outlined black florette,Dingbats
,&#10050;,Circled open-center eight-pointed star,Dingbats
,&#10051;,Heavy teardrop-spoked pinwheel asterisk,Dingbats
,&#10052;,Snowflake,Dingbats
,&#10053;,Tight trifoliate snowflake,Dingbats
,&#10054;,Heavy chevron snowflake,Dingbats
,&#10055;,Sparkle,Dingbats
,&#10056;,Heavy sparkle,Dingbats
,&#10057;,Balloon-spoked asterisk,Dingbats
,&#10058;,Eight teardrop-spoked propeller asterisk,Dingbats
,&#10059;,Heavy eight teardrop-spoked propeller asterisk,Dingbats
,&#10061;,Shadowed white circle,Dingbats
,&#10063;,Lower-right drop-shadowed white square,Dingbats
,&#10064;,Upper-right drop-shadowed white square,Dingbats
,&#10065;,Lower-right shadowed white square,Dingbats
,&#10066;,Upper-right shadowed white square,Dingbats
,&#10070;,Black diamond minus white X,Dingbats
,&#10072;,Light vertical bar,Dingbats
,&#10073;,Medium vertical bar,Dingbats
,&#10074;,Heavy vertical bar,Dingbats
,&#10075;,Heavy single turned comma quotation mark ornament,Dingbats
,&#10076;,Heavy single comma quotation mark ornament,Dingbats
,&#10077;,Heavy double turned comma quotation mark ornament,Dingbats
,&#10078;,Heavy double comma quotation mark ornament,Dingbats
,&#10081;,Curved stem paragraph sign ornament,Dingbats
,&#10082;,Heavy exclamation mark ornament,Dingbats
,&#10083;,Heavy heart exclamation mark ornament,Dingbats
,&#10084;,Heavy black heart,Dingbats
,&#10085;,Rotated heavy black heart bullet,Dingbats
,&#10086;,Floral heart,Dingbats
,&#10087;,Rotated floral heart bullet,Dingbats
,&#10102;,Dingbat negative circled digit one,Dingbats
,&#10103;,Dingbat negative circled digit two,Dingbats
,&#10104;,Dingbat negative circled digit three,Dingbats
,&#10105;,Dingbat negative circled digit four,Dingbats
,&#10106;,Dingbat negative circled digit five,Dingbats
,&#10107;,Dingbat negative circled digit six,Dingbats
,&#10108;,Dingbat negative circled digit seven,Dingbats
,&#10109;,Dingbat negative circled digit eight,Dingbats
,&#10110;,Dingbat negative circled digit nine,Dingbats
,&#10111;,Dingbat negative circled number 10,Dingbats
,&#10112;,Dingbat circled sans-serif digit one,Dingbats
,&#10113;,Dingbat circled sans-serif digit two,Dingbats
,&#10114;,Dingbat circled sans-serif digit three,Dingbats
,&#10115;,Dingbat circled sans-serif digit four,Dingbats
,&#10116;,Dingbat circled sans-serif digit five,Dingbats
,&#10117;,Dingbat circled sans-serif digit six,Dingbats
,&#10118;,Dingbat circled sans-serif digit seven,Dingbats
,&#10119;,Dingbat circled sans-serif digit eight,Dingbats
,&#10120;,Dingbat circled sans-serif digit nine,Dingbats
,&#10121;,Dingbat circled sans-serif number ten,Dingbats
,&#10122;,Dingbat negative circled sans-serif digit one,Dingbats
,&#10123;,Dingbat negative circled sans-serif digit two,Dingbats
,&#10124;,Dingbat negative circled sans-serif digit three,Dingbats
,&#10125;,Dingbat negative circled sans-serif digit four,Dingbats
,&#10126;,Dingbat negative circled sans-serif digit five,Dingbats
,&#10127;,Dingbat negative circled sans-serif digit six,Dingbats
,&#10128;,Dingbat negative circled sans-serif digit seven,Dingbats
,&#10129;,Dingbat negative circled sans-serif digit eight,Dingbats
,&#10130;,Dingbat negative circled sans-serif digit nine,Dingbats
,&#10131;,Dingbat negative circled sans-serif number ten,Dingbats
,&#10132;,Heavy wide-headed rightwards arrow,Dingbats
,&#10136;,Heavy southeast arrow,Dingbats
,&#10137;,Heavy rightwards arrow,Dingbats
,&#10138;,Heavy northeast arrow,Dingbats
,&#10139;,Drafting point rightwards arrow,Dingbats
,&#10140;,Heavy round-tipped rightwards arrow,Dingbats
,&#10141;,Triangle-headed rightwards arrow,Dingbats
,&#10142;,Heavy triangle-headed rightwards arrow,Dingbats
,&#10143;,Dashed triangle-headed rightwards arrow,Dingbats
,&#10144;,Heavy dashed triangle-headed rightwards arrow,Dingbats
,&#10145;,Black rightwards arrow,Dingbats
,&#10146;,Three-D top-lighted rightwards arrowhead,Dingbats
,&#10147;,Three-D bottom-lighted rightwards arrowhead,Dingbats
,&#10148;,Black rightwards arrowhead,Dingbats
,&#10149;,Heavy black curved downwards and rightwards arrow,Dingbats
,&#10150;,Heavy black curved upwards and rightwards arrow,Dingbats
,&#10151;,Square black rightwards arrow,Dingbats
,&#10152;,Heavy concave-pointed black rightwards arrow,Dingbats
,&#10153;,Right-shaded white rightwards arrow,Dingbats
,&#10154;,Left-shaded white rightwards arrow,Dingbats
,&#10155;,Back-tilted shadowed white rightwards arrow,Dingbats
,&#10156;,Front-tilted shadowed white rightwards arrow,Dingbats
,&#10157;,Heavy lower right-shadowed white rightwards arrow,Dingbats
,&#10158;,Heavy upper right-shadowed white rightwards arrow,Dingbats
,&#10159;,Notched lower right-shadowed white rightwards arrow,Dingbats
,&#10161;,Notched upper right-shadowed white rightwards arrow,Dingbats
,&#10162;,Circled heavy white rightwards arrow,Dingbats
,&#10163;,White-feathered rightwards arrow,Dingbats
,&#10164;,Black-feathered southeast arrow,Dingbats
,&#10165;,Black-feathered rightwards arrow,Dingbats
,&#10166;,Black-feathered northeast arrow,Dingbats
,&#10167;,Black-feathered southeast arrow,Dingbats
,&#10168;,Heavy black-feathered rightwards arrow,Dingbats
,&#10169;,Heavy black-feathered northeast arrow,Dingbats
,&#10170;,Teardrop-barbed rightwards arrow,Dingbats
,&#10171;,Heavy teardrop-shanked rightwards arrow,Dingbats
,&#10172;,Wedge-tailed rightwards arrow,Dingbats
,&#10173;,Heavy wedge-tailed rightwards arrow,Dingbats
,&#10174;,Open-outlined rightwards arrow,Dingbats
,&#127757;,Earth Globe Europe Africa,Miscellaneous
,&#128272;,Lock and Key,Miscellaneous
,&#128273;,Key,Miscellaneous
,&#128271;,Lock and Pen
,&#128274;,Lock
,&#128275;,Unlocked
,&#9200;,Alarm Clock
,&#128107;,Man and Woman


